ZIP,county_fips,county_name,ranking_ratio
43001,089,Licking,0.8415841584158416
43002,049,Franklin,0.0
43003,041,Delaware,0.6411764705882353
43004,049,Franklin,0.2236760124610592
43005,083,Knox,0.0
43006,075,Holmes,0.5
43007,159,Union,1.0
43008,089,Licking,1.0
43009,021,Champaign,0.6163366336633663
43010,023,Clark,1.0
43011,083,Knox,0.4594166138237159
43013,089,Licking,0.988558352402746
43014,083,Knox,0.8169107856191744
43015,041,Delaware,0.13718362493630032
43016,049,Franklin,0.20826185101580136
43017,049,Franklin,0.12210614730432044
43018,089,Licking,1.0
43019,083,Knox,0.6367668802365697
43021,041,Delaware,0.25869285254346425
43022,083,Knox,0.7603305785123967
43023,089,Licking,0.4197877272172746
43025,089,Licking,0.7035559986706547
43026,049,Franklin,0.13770058129416268
43027,089,Licking,0.0
43028,083,Knox,0.781790820165538
43029,097,Madison,0.67
43030,089,Licking,1.0
43031,089,Licking,0.3822519739100584
43033,089,Licking,1.0
43035,041,Delaware,0.21261860239628783
43036,159,Union,1.0
43037,083,Knox,1.0
43040,159,Union,0.18425381903642774
43044,021,Champaign,0.6062106210621062
43045,159,Union,0.9774718397997497
43046,045,Fairfield,0.7864190365641324
43047,021,Champaign,1.0
43048,083,Knox,1.0
43050,083,Knox,0.18236655677912605
43054,049,Franklin,0.2730958135183597
43055,089,Licking,0.10765541925843555
43056,089,Licking,0.25456169452596655
43058,089,Licking,1.0
43060,021,Champaign,0.7698607698607699
43061,041,Delaware,0.8016691212567502
43062,089,Licking,0.20444473409801878
43064,159,Union,0.5059708509637988
43065,041,Delaware,0.17990045034368335
43066,041,Delaware,0.8724584103512015
43067,159,Union,0.47846153846153844
43068,049,Franklin,0.11019419313320968
43069,049,Franklin,0.0
43070,021,Champaign,1.0
43071,089,Licking,0.6321608040201006
43072,021,Champaign,0.9
43073,089,Licking,1.0
43074,041,Delaware,0.5261570583458995
43076,127,Perry,0.4134114583333333
43077,159,Union,1.0
43078,021,Champaign,0.2092681903963095
43080,089,Licking,0.5307167235494881
43081,049,Franklin,0.14422718808193669
43082,041,Delaware,0.21519659936238045
43083,021,Champaign,0.0
43084,021,Champaign,0.9596541786743515
43085,049,Franklin,0.1754521299391446
43086,041,Delaware,0.5695043103448276
43101,141,Ross,0.9851851851851852
43102,045,Fairfield,0.5192107995846313
43103,129,Pickaway,0.4829111992676228
43105,045,Fairfield,0.4609088343211967
43106,047,Fayette,1.0
43107,045,Fairfield,0.9347826086956522
43109,049,Franklin,0.9927745664739884
43110,049,Franklin,0.17118601747815232
43111,073,Hocking,1.0
43112,045,Fairfield,0.4312977099236641
43113,129,Pickaway,0.20205539104685594
43115,141,Ross,0.9136029411764706
43116,129,Pickaway,1.0
43117,129,Pickaway,0.0
43119,049,Franklin,0.20480557871598576
43123,049,Franklin,0.10380469245402664
43125,049,Franklin,0.3600790513833992
43126,049,Franklin,0.9342105263157895
43127,073,Hocking,0.7642857142857142
43128,047,Fayette,0.9147286821705426
43130,045,Fairfield,0.11441727421774166
43135,073,Hocking,0.7033248081841432
43136,045,Fairfield,1.0
43137,049,Franklin,0.45685884691848905
43138,073,Hocking,0.25267436884895167
43140,097,Madison,0.30204492122024806
43142,047,Fayette,0.0
43143,097,Madison,0.5545147995503934
43144,073,Hocking,0.96045197740113
43145,129,Pickaway,0.6256983240223464
43146,129,Pickaway,0.33235685752330224
43147,045,Fairfield,0.1658458244111349
43148,045,Fairfield,0.507057546145494
43149,073,Hocking,0.6259814418272662
43150,045,Fairfield,0.63579604578564
43151,097,Madison,1.0
43152,073,Hocking,0.5729585006693441
43153,097,Madison,0.8465346534653465
43154,045,Fairfield,0.5749235474006116
43155,045,Fairfield,0.8470181503889369
43156,129,Pickaway,1.0
43157,045,Fairfield,1.0
43158,073,Hocking,0.9896907216494846
43160,047,Fayette,0.2213408145496759
43162,097,Madison,0.5404105195638229
43164,129,Pickaway,0.6818642350557245
43194,049,Franklin,0.0
43195,049,Franklin,0.0
43201,049,Franklin,0.12386654518634214
43202,049,Franklin,0.23553862140630413
43203,049,Franklin,0.32887189292543023
43204,049,Franklin,0.13674786175161308
43205,049,Franklin,0.2731853629274145
43206,049,Franklin,0.2276570048309179
43207,049,Franklin,0.11116625310173697
43209,049,Franklin,0.23329791472971179
43210,049,Franklin,0.6904761904761905
43211,049,Franklin,0.16811372960595364
43212,049,Franklin,0.23578531361550228
43213,049,Franklin,0.10959817706886012
43214,049,Franklin,0.1667546870874043
43215,049,Franklin,0.22579632825984622
43216,049,Franklin,1.0
43217,049,Franklin,1.0
43218,049,Franklin,0.0
43219,049,Franklin,0.17726252804786835
43220,049,Franklin,0.2306190741773564
43221,049,Franklin,0.16553188831282403
43222,049,Franklin,0.3770918557084418
43223,049,Franklin,0.2140194489465154
43224,049,Franklin,0.13960449482310222
43226,049,Franklin,1.0
43227,049,Franklin,0.17131007122892436
43228,049,Franklin,0.11209548874967565
43229,049,Franklin,0.14551337359792926
43230,049,Franklin,0.11263997657908219
43231,049,Franklin,0.2902544609861683
43232,049,Franklin,0.17718513106219747
43234,049,Franklin,1.0
43235,049,Franklin,0.13808442611556462
43236,049,Franklin,1.0
43240,041,Delaware,1.0
43251,049,Franklin,0.0
43287,049,Franklin,0.0
43291,049,Franklin,0.0
43302,101,Marion,0.10404380791912385
43310,091,Logan,0.41979725700655934
43311,091,Logan,0.27247734446594035
43314,101,Marion,0.9016393442622951
43315,117,Morrow,0.725459644749143
43316,175,Wyandot,0.7656140350877193
43317,117,Morrow,1.0
43318,091,Logan,0.7630331753554502
43319,091,Logan,0.9933184855233853
43320,117,Morrow,0.6890034364261168
43321,117,Morrow,1.0
43322,101,Marion,1.0
43323,175,Wyandot,0.9132075471698113
43324,091,Logan,0.5094543490005402
43325,117,Morrow,1.0
43326,065,Hardin,0.3521441334127457
43330,175,Wyandot,0.0
43331,091,Logan,0.599200685127034
43332,101,Marion,0.8372844827586207
43333,091,Logan,0.8631578947368421
43334,117,Morrow,0.47407670454545453
43336,091,Logan,0.0
43337,101,Marion,0.897025171624714
43338,117,Morrow,0.3757295230428658
43340,065,Hardin,0.9224376731301939
43341,101,Marion,0.9423076923076923
43342,101,Marion,0.8341463414634146
43343,091,Logan,0.8673835125448028
43344,159,Union,0.5085381091211995
43345,065,Hardin,0.5742574257425742
43346,065,Hardin,0.0
43347,091,Logan,0.9371534195933456
43348,091,Logan,0.6090032154340836
43349,117,Morrow,0.0
43350,117,Morrow,1.0
43351,175,Wyandot,0.38604076590487957
43356,101,Marion,0.7946210268948656
43357,091,Logan,0.6262088974854932
43358,091,Logan,0.45962732919254656
43359,175,Wyandot,1.0
43360,091,Logan,1.0
43402,173,Wood,0.20550211384106365
43403,173,Wood,0.0
43406,173,Wood,0.8193069306930693
43407,143,Sandusky,1.0
43408,123,Ottawa,1.0
43410,143,Sandusky,0.6272024065320154
43412,095,Lucas,0.5143312101910829
43413,173,Wood,0.8048359240069085
43414,173,Wood,1.0
43416,123,Ottawa,0.9280415430267063
43420,143,Sandusky,0.17564462598927752
43430,123,Ottawa,0.9234543670264965
43431,143,Sandusky,0.8155197657393851
43432,123,Ottawa,1.0
43433,123,Ottawa,1.0
43434,095,Lucas,1.0
43435,143,Sandusky,0.543035993740219
43436,123,Ottawa,1.0
43437,173,Wood,0.6855345911949685
43438,043,Erie,1.0
43439,123,Ottawa,1.0
43440,123,Ottawa,0.5829611248966088
43441,173,Wood,1.0
43442,143,Sandusky,0.7467248908296943
43443,173,Wood,0.9705521472392638
43445,123,Ottawa,0.3409090909090909
43446,123,Ottawa,1.0
43447,173,Wood,0.6628278950735764
43449,123,Ottawa,0.5126779359430605
43450,173,Wood,0.8325123152709359
43451,173,Wood,0.6720647773279352
43452,123,Ottawa,0.20648510793332725
43456,123,Ottawa,1.0
43457,173,Wood,0.6015625
43458,123,Ottawa,1.0
43460,173,Wood,0.5139231582657737
43462,173,Wood,0.9219712525667351
43463,173,Wood,1.0
43464,143,Sandusky,0.5855728429985856
43465,173,Wood,0.7126666666666667
43466,173,Wood,0.8597826086956522
43467,173,Wood,1.0
43468,123,Ottawa,1.0
43469,143,Sandusky,0.9445266272189349
43501,171,Williams,1.0
43502,051,Fulton,0.6687004270896888
43504,095,Lucas,0.9754601226993865
43505,171,Williams,1.0
43506,171,Williams,0.34856593934403735
43510,069,Henry,1.0
43511,173,Wood,0.7279596977329975
43512,039,Defiance,0.1849543104058936
43515,051,Fulton,0.4658082975679542
43516,069,Henry,0.7876175548589341
43517,171,Williams,0.7552404438964242
43518,171,Williams,0.9878472222222222
43519,039,Defiance,1.0
43520,039,Defiance,1.0
43521,051,Fulton,0.9186330349877949
43522,173,Wood,0.5261813537675607
43523,069,Henry,1.0
43524,069,Henry,0.8640275387263339
43525,173,Wood,1.0
43526,039,Defiance,0.7523547880690737
43527,069,Henry,0.8831822759315207
43528,095,Lucas,0.31380546285996785
43529,173,Wood,1.0
43530,039,Defiance,0.0
43531,171,Williams,1.0
43532,069,Henry,0.9291736930860034
43533,051,Fulton,0.8789808917197452
43534,069,Henry,0.7859007832898173
43535,069,Henry,1.0
43536,039,Defiance,0.8805031446540881
43537,095,Lucas,0.14657758385601308
43540,051,Fulton,1.0
43541,173,Wood,1.0
43542,095,Lucas,0.6275752773375595
43543,171,Williams,0.5631198070222461
43545,069,Henry,0.38892197736748063
43547,095,Lucas,1.0
43548,069,Henry,0.8921568627450981
43549,039,Defiance,1.0
43551,173,Wood,0.160166312649704
43552,173,Wood,1.0
43553,051,Fulton,1.0
43554,171,Williams,0.9686706181202371
43555,069,Henry,1.0
43556,039,Defiance,0.9242603550295858
43557,171,Williams,0.9006568144499179
43558,051,Fulton,0.33531844499586433
43560,095,Lucas,0.16087763065310562
43565,173,Wood,1.0
43566,095,Lucas,0.5144874604334064
43567,051,Fulton,0.3911594457112787
43569,173,Wood,0.8547271329746349
43570,171,Williams,0.8992302309307207
43571,095,Lucas,0.5794017884674684
43601,095,Lucas,0.0
43604,095,Lucas,0.22993756662098372
43605,095,Lucas,0.1361675908810844
43606,095,Lucas,0.15495524043412817
43607,095,Lucas,0.13726593265289722
43608,095,Lucas,0.17222723174030657
43609,095,Lucas,0.16878316906747537
43610,095,Lucas,0.31422680412371135
43611,095,Lucas,0.20408621463852716
43612,095,Lucas,0.12287361169689301
43613,095,Lucas,0.16249613839975285
43614,095,Lucas,0.1223021582733813
43615,095,Lucas,0.12456244033277265
43616,095,Lucas,0.21159693824053685
43617,095,Lucas,0.46237901966906025
43619,173,Wood,0.6789046042732471
43620,095,Lucas,0.5306775225356208
43623,095,Lucas,0.1981733422129198
43635,095,Lucas,1.0
43652,095,Lucas,0.0
43654,173,Wood,0.0
43656,095,Lucas,0.0
43657,095,Lucas,0.0
43659,095,Lucas,0.0
43660,095,Lucas,0.0
43661,095,Lucas,0.0
43666,095,Lucas,0.0
43667,095,Lucas,0.0
43701,119,Muskingum,0.08703255813953488
43702,119,Muskingum,1.0
43711,121,Noble,1.0
43713,013,Belmont,0.7159968059622039
43716,111,Monroe,0.7665706051873199
43717,121,Noble,1.0
43718,013,Belmont,0.4426534407935524
43719,013,Belmont,0.5828343313373253
43720,119,Muskingum,0.6352395672333848
43721,089,Licking,1.0
43722,059,Guernsey,1.0
43723,059,Guernsey,0.8672905146746066
43724,121,Noble,0.5830878020035356
43725,059,Guernsey,0.23142805625676163
43727,119,Muskingum,0.6367239101717305
43728,115,Morgan,0.7736185383244206
43730,127,Perry,0.8282548476454293
43731,127,Perry,0.5694006309148265
43732,059,Guernsey,0.7103128621089224
43733,059,Guernsey,1.0
43734,119,Muskingum,1.0
43735,119,Muskingum,1.0
43736,059,Guernsey,0.0
43738,119,Muskingum,0.0
43739,127,Perry,0.6475225225225225
43740,089,Licking,0.6274509803921569
43746,119,Muskingum,0.9209225700164745
43747,111,Monroe,0.6604477611940298
43748,127,Perry,0.7792836398838335
43749,059,Guernsey,0.8049698795180723
43750,059,Guernsey,1.0
43752,111,Monroe,0.0
43754,111,Monroe,0.37051282051282053
43755,059,Guernsey,0.52
43756,115,Morgan,0.5137614678899083
43757,111,Monroe,1.0
43758,115,Morgan,0.5480471171729696
43759,013,Belmont,1.0
43760,127,Perry,0.35970464135021096
43761,127,Perry,0.0
43762,119,Muskingum,0.6435142594296228
43764,127,Perry,0.7098966829798804
43766,127,Perry,0.5597633136094674
43767,119,Muskingum,0.8808823529411764
43768,059,Guernsey,0.0
43771,119,Muskingum,0.9966405375139977
43772,059,Guernsey,0.5394285714285715
43773,059,Guernsey,0.5790513833992095
43777,119,Muskingum,0.47937894226103833
43778,059,Guernsey,0.5086092715231788
43779,121,Noble,0.9612068965517241
43780,059,Guernsey,0.7731343283582089
43782,127,Perry,0.9778270509977827
43783,127,Perry,0.4503853564547206
43786,111,Monroe,0.0
43787,115,Morgan,0.6426783479349186
43788,121,Noble,0.7525562372188139
43791,119,Muskingum,0.64
43793,111,Monroe,0.642078488372093
43802,119,Muskingum,0.9879275653923542
43803,031,Coshocton,0.0
43804,075,Holmes,0.3724409448818898
43805,031,Coshocton,1.0
43811,031,Coshocton,0.9975845410628019
43812,031,Coshocton,0.27042709026919054
43821,119,Muskingum,0.7215496368038741
43822,119,Muskingum,0.5089437819420783
43824,031,Coshocton,0.8351164254247955
43828,031,Coshocton,1.0
43830,119,Muskingum,0.47861724875267286
43832,157,Tuscarawas,0.7011372652737371
43836,031,Coshocton,1.0
43837,157,Tuscarawas,0.7469066366704162
43840,157,Tuscarawas,0.8275193798449613
43842,119,Muskingum,1.0
43843,031,Coshocton,0.5389948006932409
43844,031,Coshocton,0.562907268170426
43845,031,Coshocton,0.9838926174496644
43901,081,Jefferson,0.703405017921147
43902,013,Belmont,1.0
43903,081,Jefferson,0.5353982300884956
43905,013,Belmont,1.0
43906,013,Belmont,0.40601325757575757
43907,067,Harrison,0.6012793176972282
43908,081,Jefferson,0.8840125391849529
43909,013,Belmont,1.0
43910,081,Jefferson,0.8074385122975405
43912,013,Belmont,0.5379209370424597
43913,081,Jefferson,1.0
43914,111,Monroe,1.0
43915,111,Monroe,0.9837092731829574
43916,013,Belmont,0.0
43917,081,Jefferson,0.5937940761636107
43920,029,Columbiana,0.17465784464787457
43925,081,Jefferson,1.0
43926,081,Jefferson,1.0
43927,013,Belmont,1.0
43928,013,Belmont,0.0
43930,081,Jefferson,0.6572769953051644
43931,111,Monroe,1.0
43932,081,Jefferson,0.676605504587156
43933,013,Belmont,0.6102941176470589
43934,013,Belmont,1.0
43935,013,Belmont,0.30842538444877626
43937,013,Belmont,0.0
43938,081,Jefferson,0.633357825128582
43939,081,Jefferson,1.0
43940,013,Belmont,1.0
43941,081,Jefferson,0.0
43942,013,Belmont,0.9521846661170651
43943,081,Jefferson,0.5668387837062536
43944,081,Jefferson,0.7339527027027027
43945,029,Columbiana,0.6133419689119171
43946,111,Monroe,0.5576036866359447
43947,013,Belmont,0.7699583806280742
43948,081,Jefferson,1.0
43950,013,Belmont,0.3538011695906433
43951,013,Belmont,1.0
43952,081,Jefferson,0.2888455918168534
43953,081,Jefferson,0.4827012641383899
43961,081,Jefferson,0.9071428571428571
43962,029,Columbiana,1.0
43963,081,Jefferson,1.0
43964,081,Jefferson,0.3555414551607445
43967,013,Belmont,1.0
43968,029,Columbiana,0.4632352941176471
43970,081,Jefferson,1.0
43971,081,Jefferson,0.5689102564102564
43972,013,Belmont,1.0
43973,067,Harrison,0.5143112701252236
43974,067,Harrison,1.0
43976,067,Harrison,1.0
43977,013,Belmont,0.758364312267658
43981,067,Harrison,1.0
43983,013,Belmont,0.5205811138014528
43984,067,Harrison,0.0
43985,013,Belmont,1.0
43986,067,Harrison,0.8347732181425486
43988,067,Harrison,0.7918006430868167
44001,093,Lorain,0.24966131217340817
44003,007,Ashtabula,0.4924753502854177
44004,007,Ashtabula,0.14636973764490543
44010,007,Ashtabula,0.6441441441441441
44011,093,Lorain,0.30908910498114706
44012,093,Lorain,0.22325865225350885
44017,035,Cuyahoga,0.24282337048294494
44021,055,Geauga,0.6347861178369653
44022,035,Cuyahoga,0.33112748158321886
44023,055,Geauga,0.3603049680275455
44024,055,Geauga,0.26851762897492554
44026,055,Geauga,0.6105439019862632
44028,093,Lorain,0.45315227934044616
44030,007,Ashtabula,0.24355377421509686
44032,007,Ashtabula,0.8186889818688982
44033,055,Geauga,0.0
44035,093,Lorain,0.08086104145634546
44036,093,Lorain,1.0
44039,093,Lorain,0.2604135270359877
44040,035,Cuyahoga,0.8255984367366879
44041,007,Ashtabula,0.33378142223417123
44044,093,Lorain,0.4554775014239605
44045,085,Lake,1.0
44046,055,Geauga,0.8042929292929293
44047,007,Ashtabula,0.6153296834087122
44048,007,Ashtabula,0.4647342995169082
44049,093,Lorain,1.0
44050,093,Lorain,0.5096728807597608
44052,093,Lorain,0.2081266562478766
44053,093,Lorain,0.29288259655205623
44054,093,Lorain,0.42781015820149876
44055,093,Lorain,0.352873030583874
44056,153,Summit,0.5985294117647059
44057,085,Lake,0.3160964666292765
44060,085,Lake,0.1006423982869379
44061,085,Lake,1.0
44062,055,Geauga,0.414609872611465
44064,055,Geauga,0.9594240837696335
44065,055,Geauga,1.0
44067,153,Summit,0.3050933959375319
44068,007,Ashtabula,1.0
44070,035,Cuyahoga,0.1607062887851065
44072,055,Geauga,0.8815
44073,055,Geauga,0.0
44074,093,Lorain,0.4327597195666029
44076,007,Ashtabula,0.6767676767676768
44077,085,Lake,0.11033172585123484
44080,055,Geauga,1.0
44081,085,Lake,0.5279091769157994
44082,007,Ashtabula,0.8932748538011696
44084,007,Ashtabula,0.9156184486373166
44085,007,Ashtabula,0.5532051282051282
44086,055,Geauga,0.8054545454545454
44087,153,Summit,0.33012540099154275
44088,007,Ashtabula,0.0
44089,043,Erie,0.36059342815105444
44090,093,Lorain,0.58348586536506
44092,085,Lake,0.3023681377825619
44093,007,Ashtabula,0.9911111111111112
44094,085,Lake,0.160906338101702
44095,085,Lake,0.17818436822644396
44096,085,Lake,1.0
44099,007,Ashtabula,0.8491761723700887
44101,035,Cuyahoga,1.0
44102,035,Cuyahoga,0.12236954662104363
44103,035,Cuyahoga,0.12583507827300827
44104,035,Cuyahoga,0.17647058823529413
44105,035,Cuyahoga,0.09840353075791423
44106,035,Cuyahoga,0.1348215855159079
44107,035,Cuyahoga,0.09417246357789737
44108,035,Cuyahoga,0.13713157317340743
44109,035,Cuyahoga,0.11749254937616811
44110,035,Cuyahoga,0.19103503044207182
44111,035,Cuyahoga,0.11821628092577813
44112,035,Cuyahoga,0.12470108313405542
44113,035,Cuyahoga,0.22650984538126073
44114,035,Cuyahoga,0.48024434624382634
44115,035,Cuyahoga,0.5328058028354764
44116,035,Cuyahoga,0.3122797744890768
44117,035,Cuyahoga,0.44068337857256906
44118,035,Cuyahoga,0.10986795685918758
44119,035,Cuyahoga,0.43898431665421955
44120,035,Cuyahoga,0.1277889579140782
44121,035,Cuyahoga,0.13802905874921037
44122,035,Cuyahoga,0.16073666430556313
44123,035,Cuyahoga,0.28040611262298515
44124,035,Cuyahoga,0.17659044600407517
44125,035,Cuyahoga,0.16038016038016037
44126,035,Cuyahoga,0.2563231850117096
44127,035,Cuyahoga,0.45532435740514077
44128,035,Cuyahoga,0.1290959336754836
44129,035,Cuyahoga,0.14833948339483394
44130,035,Cuyahoga,0.0956736809045226
44131,035,Cuyahoga,0.25261324041811845
44132,035,Cuyahoga,0.24756242568370987
44133,035,Cuyahoga,0.23467632968922736
44134,035,Cuyahoga,0.12597817700870714
44135,035,Cuyahoga,0.15542384777353194
44136,035,Cuyahoga,0.22083768791703512
44137,035,Cuyahoga,0.20156416637042304
44138,035,Cuyahoga,0.25461764198170206
44139,035,Cuyahoga,0.2775342220631654
44140,035,Cuyahoga,0.2764792899408284
44141,035,Cuyahoga,0.3945610687022901
44142,035,Cuyahoga,0.23110571081409478
44143,035,Cuyahoga,0.24943197955126384
44144,035,Cuyahoga,0.21086476629235051
44145,035,Cuyahoga,0.2201883460859329
44146,035,Cuyahoga,0.154097815237884
44147,035,Cuyahoga,0.3223691399847011
44149,035,Cuyahoga,0.2696916812100058
44181,035,Cuyahoga,1.0
44195,035,Cuyahoga,0.0
44199,035,Cuyahoga,0.0
44201,133,Portage,0.4585895117540687
44202,133,Portage,0.3492093023255814
44203,153,Summit,0.13500451431302776
44210,153,Summit,1.0
44211,133,Portage,0.0
44212,103,Medina,0.15872384833275358
44214,169,Wayne,0.7315436241610739
44215,103,Medina,0.7092320966350302
44216,153,Summit,0.3795379537953795
44217,169,Wayne,0.7342696629213483
44221,153,Summit,0.15063508864779043
44222,153,Summit,1.0
44223,153,Summit,0.40389942467504797
44224,153,Summit,0.13584866438000207
44230,169,Wayne,0.5311638168781025
44231,133,Portage,0.6501588983050848
44232,153,Summit,1.0
44233,103,Medina,0.9883689477955099
44234,133,Portage,0.6472114137483788
44235,103,Medina,0.8625827814569537
44236,153,Summit,0.3342663656884876
44237,153,Summit,0.0
44240,133,Portage,0.14813741121901725
44241,133,Portage,0.378791233119327
44242,133,Portage,0.0
44243,133,Portage,1.0
44250,153,Summit,1.0
44251,103,Medina,1.0
44253,103,Medina,0.8215277777777777
44254,103,Medina,0.6594663278271918
44255,133,Portage,0.6443123938879457
44256,103,Medina,0.09439692791063013
44258,103,Medina,1.0
44260,133,Portage,0.2974222222222222
44262,153,Summit,0.9932614555256065
44264,153,Summit,0.5239637305699482
44265,133,Portage,1.0
44266,133,Portage,0.16092307692307692
44270,169,Wayne,0.3980245595301655
44272,133,Portage,0.6550712489522212
44273,103,Medina,0.6720512039012496
44274,103,Medina,1.0
44275,103,Medina,0.6745562130177515
44276,169,Wayne,0.7634271099744245
44278,153,Summit,0.42110039705048213
44280,103,Medina,0.9494569757727652
44281,103,Medina,0.22715209254848587
44282,103,Medina,1.0
44285,133,Portage,1.0
44286,153,Summit,0.6163227016885553
44287,169,Wayne,0.482736974262398
44288,133,Portage,0.708007224563516
44301,153,Summit,0.33421284080914687
44302,153,Summit,0.4077201447527141
44303,153,Summit,0.45941957697983277
44304,153,Summit,0.6728682170542636
44305,153,Summit,0.2867682284181278
44306,153,Summit,0.2350212967345007
44307,153,Summit,0.30653008962868117
44308,153,Summit,0.7714701601164483
44309,153,Summit,1.0
44310,153,Summit,0.24399196015031024
44311,153,Summit,0.2519487750556793
44312,153,Summit,0.19963481436396835
44313,153,Summit,0.2522327859406511
44314,153,Summit,0.2803187803187803
44315,153,Summit,0.0
44316,153,Summit,0.0
44317,153,Summit,0.0
44319,153,Summit,0.24590305330343282
44320,153,Summit,0.2784325279905716
44321,153,Summit,0.4559760697099753
44325,153,Summit,1.0
44326,153,Summit,0.0
44328,153,Summit,0.0
44333,153,Summit,0.3588425206265694
44334,153,Summit,1.0
44396,153,Summit,0.0
44401,099,Mahoning,0.897047086991221
44402,155,Trumbull,0.809489575844716
44403,155,Trumbull,0.8019250253292807
44404,155,Trumbull,0.9490740740740741
44405,099,Mahoning,0.49767801857585137
44406,099,Mahoning,0.3234360410830999
44408,029,Columbiana,0.5159074475777295
44410,155,Trumbull,0.40288473291773624
44411,133,Portage,0.9884341637010676
44412,133,Portage,0.7610773240660296
44413,029,Columbiana,0.6288875598086124
44415,029,Columbiana,0.0
44416,099,Mahoning,0.0
44417,155,Trumbull,0.8814504881450488
44418,155,Trumbull,0.5674418604651162
44420,155,Trumbull,0.37058823529411766
44422,099,Mahoning,0.0
44423,029,Columbiana,0.5195822454308094
44424,155,Trumbull,1.0
44425,155,Trumbull,0.32007493875198156
44427,029,Columbiana,0.46601941747572817
44428,155,Trumbull,0.8493243243243244
44429,099,Mahoning,0.9848293299620733
44430,155,Trumbull,0.6083824492468893
44431,029,Columbiana,0.5409302325581395
44432,029,Columbiana,0.4328832406671962
44436,099,Mahoning,0.5474736257634647
44437,155,Trumbull,0.7399678972712681
44438,155,Trumbull,0.7873042044517725
44439,155,Trumbull,0.0
44440,155,Trumbull,0.43191196698762035
44441,029,Columbiana,0.6305970149253731
44442,099,Mahoning,0.9944388270980788
44443,099,Mahoning,0.7646356033452808
44444,155,Trumbull,0.5058139534883721
44445,029,Columbiana,0.7676151761517616
44446,155,Trumbull,0.28749072011878246
44449,133,Portage,0.5277777777777778
44450,155,Trumbull,0.4915032679738562
44451,099,Mahoning,0.6147832267235253
44452,099,Mahoning,0.7278318810866222
44453,155,Trumbull,0.0
44454,099,Mahoning,0.908883826879271
44455,029,Columbiana,0.4630102040816326
44460,029,Columbiana,0.3006764637275484
44470,155,Trumbull,0.8470661672908864
44471,099,Mahoning,0.49166997223324077
44473,155,Trumbull,0.930045294413689
44481,155,Trumbull,0.3079550020088389
44483,155,Trumbull,0.15154463634152274
44484,155,Trumbull,0.2342417500926956
44485,155,Trumbull,0.31996012957886866
44490,099,Mahoning,0.5953757225433526
44491,155,Trumbull,0.6589928057553956
44492,029,Columbiana,0.0
44493,029,Columbiana,1.0
44501,099,Mahoning,1.0
44502,099,Mahoning,0.23562443845462713
44503,099,Mahoning,0.9983922829581994
44504,099,Mahoning,0.4290352504638219
44505,155,Trumbull,0.3187629368075003
44506,099,Mahoning,0.70064874884152
44507,099,Mahoning,0.46254927726675427
44509,099,Mahoning,0.2503264316358888
44510,099,Mahoning,1.0
44511,099,Mahoning,0.20782947325271572
44512,099,Mahoning,0.15923035682373265
44513,099,Mahoning,1.0
44514,099,Mahoning,0.27354534335138914
44515,099,Mahoning,0.1951045965561406
44555,099,Mahoning,0.0
44601,151,Stark,0.15068580137160276
44606,169,Wayne,0.4763915547024952
44607,019,Carroll,0.0
44608,151,Stark,0.7569913211186113
44609,099,Mahoning,0.4949614700652045
44610,075,Holmes,0.0
44611,075,Holmes,0.9507211538461539
44612,157,Tuscarawas,0.6007685738684885
44613,151,Stark,1.0
44614,151,Stark,0.5386524822695036
44615,019,Carroll,0.4589041095890411
44617,075,Holmes,0.0
44618,169,Wayne,0.5363086232980333
44619,099,Mahoning,0.8490566037735849
44620,019,Carroll,1.0
44621,157,Tuscarawas,0.8106267029972752
44622,157,Tuscarawas,0.3638464077456266
44624,075,Holmes,0.4942648592283629
44625,029,Columbiana,0.7316239316239316
44626,151,Stark,0.8677510608203678
44627,169,Wayne,0.4216804979253112
44628,075,Holmes,0.5055762081784386
44629,157,Tuscarawas,0.6229508196721312
44630,151,Stark,1.0
44632,151,Stark,0.3742487286176607
44633,075,Holmes,0.6350931677018633
44634,029,Columbiana,0.7186046511627907
44636,169,Wayne,1.0
44637,075,Holmes,0.8701633705932932
44638,075,Holmes,0.7884130982367759
44639,019,Carroll,1.0
44640,151,Stark,1.0
44641,151,Stark,0.24360509415478393
44643,157,Tuscarawas,0.36198791134989927
44644,019,Carroll,0.9365609348914858
44645,169,Wayne,0.7701923076923077
44646,151,Stark,0.11370651923519927
44647,151,Stark,0.3373646625201566
44648,151,Stark,1.0
44650,151,Stark,1.0
44651,019,Carroll,0.5822102425876011
44652,151,Stark,1.0
44653,157,Tuscarawas,1.0
44654,075,Holmes,0.2744375238337359
44656,157,Tuscarawas,0.9402220324508966
44657,151,Stark,0.4148711449091677
44659,169,Wayne,1.0
44660,075,Holmes,1.0
44661,075,Holmes,1.0
44662,151,Stark,0.3807296538821328
44663,157,Tuscarawas,0.18279738973189716
44665,029,Columbiana,0.0
44666,151,Stark,0.5749158249158249
44667,169,Wayne,0.31884798909338785
44669,151,Stark,0.7284552845528456
44670,151,Stark,1.0
44671,157,Tuscarawas,1.0
44672,099,Mahoning,0.9014357780364766
44675,019,Carroll,0.539756782039289
44676,169,Wayne,0.6474926253687315
44677,169,Wayne,0.8897996357012751
44678,157,Tuscarawas,1.0
44679,157,Tuscarawas,0.0
44680,157,Tuscarawas,0.8897357723577236
44681,157,Tuscarawas,0.5407989074769546
44682,157,Tuscarawas,1.0
44683,157,Tuscarawas,0.42215493313146607
44685,151,Stark,0.19949973470779958
44687,075,Holmes,0.0
44688,151,Stark,0.8891528107680127
44689,075,Holmes,0.5078534031413613
44690,075,Holmes,1.0
44691,169,Wayne,0.1727771362586605
44693,067,Harrison,1.0
44695,067,Harrison,0.5176304654442877
44697,157,Tuscarawas,1.0
44699,067,Harrison,0.7266313932980599
44702,151,Stark,0.8539493293591655
44703,151,Stark,0.37378968700743076
44704,151,Stark,0.5325905292479108
44705,151,Stark,0.32305194805194803
44706,151,Stark,0.22970168612191957
44707,151,Stark,0.3116626400175708
44708,151,Stark,0.2301606139726244
44709,151,Stark,0.30149584487534625
44710,151,Stark,0.4213747645951036
44711,151,Stark,1.0
44714,151,Stark,0.47260589318600366
44718,151,Stark,0.34494998386576314
44720,151,Stark,0.14693052452388553
44721,151,Stark,0.6172601860763555
44730,151,Stark,0.59578270192995
44735,151,Stark,1.0
44767,151,Stark,0.0
44802,147,Seneca,0.5529411764705883
44804,063,Hancock,0.5401606425702812
44805,005,Ashland,0.17219477769936486
44807,147,Seneca,0.7324902723735408
44809,147,Seneca,0.8
44811,143,Sandusky,0.3324693278036979
44813,139,Richland,0.6057388809182209
44814,043,Erie,1.0
44815,147,Seneca,1.0
44816,043,Erie,0.0
44817,173,Wood,0.8015267175572519
44818,147,Seneca,0.6382556987115956
44820,033,Crawford,0.229521879098605
44822,139,Richland,0.7357811375089993
44824,043,Erie,0.768235294117647
44825,033,Crawford,1.0
44826,077,Huron,0.7319148936170212
44827,033,Crawford,0.4309327036599764
44828,147,Seneca,1.0
44830,147,Seneca,0.20593586536274733
44833,033,Crawford,0.22025192613427907
44836,147,Seneca,0.6280542986425339
44837,077,Huron,0.6377295492487479
44838,005,Ashland,1.0
44839,043,Erie,0.45802841153680585
44840,005,Ashland,0.8911671924290221
44841,147,Seneca,0.7392550143266475
44842,005,Ashland,0.6176470588235294
44843,139,Richland,0.8814749780509219
44844,175,Wyandot,0.535031847133758
44846,043,Erie,0.8771306818181818
44847,077,Huron,0.7565872020075283
44848,005,Ashland,0.0
44849,175,Wyandot,0.6463288521199586
44850,077,Huron,1.0
44851,077,Huron,0.6775544388609716
44853,147,Seneca,0.9150779896013865
44854,033,Crawford,0.9782608695652174
44855,077,Huron,0.8840579710144928
44856,033,Crawford,0.0
44857,077,Huron,0.24148945879346537
44859,005,Ashland,0.9561170212765957
44860,033,Crawford,0.0
44861,147,Seneca,1.0
44862,139,Richland,0.0
44864,005,Ashland,0.6662225183211192
44865,077,Huron,0.4735413839891452
44866,005,Ashland,0.8532423208191127
44867,147,Seneca,0.8151658767772512
44870,043,Erie,0.12151824244801883
44871,043,Erie,1.0
44874,005,Ashland,0.75
44875,139,Richland,0.3695583095011122
44878,139,Richland,0.4888507718696398
44880,005,Ashland,0.796875
44881,033,Crawford,0.0
44882,175,Wyandot,0.7051177904142973
44883,147,Seneca,0.1679684479158611
44887,033,Crawford,0.7991543340380549
44888,077,Huron,0.0
44889,077,Huron,0.5106382978723404
44890,077,Huron,0.38314475224346467
44901,139,Richland,1.0
44902,139,Richland,0.4384158415841584
44903,139,Richland,0.13493812510595016
44904,139,Richland,0.4134801368843922
44905,139,Richland,0.3805140673845085
44906,139,Richland,0.25282191780821917
44907,139,Richland,0.29318181818181815
45001,061,Hamilton,1.0
45002,061,Hamilton,0.28507724159898074
45003,135,Preble,0.6970443349753694
45004,017,Butler,0.0
45005,165,Warren,0.21027880416526704
45011,017,Butler,0.10678802427152097
45012,017,Butler,1.0
45013,017,Butler,0.12630798385103403
45014,017,Butler,0.15396644867785045
45015,017,Butler,0.3979591836734694
45018,017,Butler,1.0
45030,061,Hamilton,0.29137227584834313
45032,165,Warren,1.0
45033,061,Hamilton,1.0
45034,165,Warren,0.7320261437908496
45036,165,Warren,0.19019771651350598
45039,165,Warren,0.31611570247933884
45040,165,Warren,0.17997127893225207
45041,061,Hamilton,1.0
45042,017,Butler,0.14335745972449218
45044,017,Butler,0.12196048632218845
45050,017,Butler,0.7497957516339869
45051,061,Hamilton,0.0
45052,061,Hamilton,0.44035087719298244
45053,017,Butler,0.9455938697318008
45054,165,Warren,0.5570866141732284
45055,017,Butler,1.0
45056,017,Butler,0.23747413870648557
45061,017,Butler,1.0
45062,017,Butler,0.6666666666666666
45063,017,Butler,0.0
45064,135,Preble,0.43209876543209874
45065,165,Warren,0.571762349799733
45066,165,Warren,0.24366209800232913
45067,017,Butler,0.5065494657014823
45068,165,Warren,0.5047538559053455
45069,017,Butler,0.11283996379466402
45070,135,Preble,1.0
45071,017,Butler,1.0
45101,015,Brown,0.996395097332372
45102,025,Clermont,0.23624436244362443
45103,025,Clermont,0.15981816034951
45105,001,Adams,0.0
45106,025,Clermont,0.3784722222222222
45107,027,Clinton,0.5365796283227476
45111,061,Hamilton,1.0
45112,025,Clermont,0.0
45113,027,Clinton,0.540045766590389
45115,015,Brown,0.0
45118,015,Brown,0.8832772166105499
45119,015,Brown,0.0
45120,025,Clermont,0.6585051546391752
45121,015,Brown,0.5912941176470589
45122,025,Clermont,0.30899891579327793
45123,071,Highland,0.3955023221706184
45130,015,Brown,0.8292383292383292
45131,015,Brown,1.0
45132,071,Highland,0.0
45133,071,Highland,0.17834502577973121
45135,071,Highland,0.7257985257985258
45140,061,Hamilton,0.15461439641954333
45142,071,Highland,0.5981432360742706
45144,001,Adams,0.8185689948892675
45146,027,Clinton,0.6214953271028038
45147,025,Clermont,1.0
45148,027,Clinton,0.8986975397973951
45150,025,Clermont,0.1924643584521385
45152,165,Warren,0.3827930174563591
45153,025,Clermont,0.7786790266512167
45154,015,Brown,0.5023590204448438
45155,071,Highland,0.0
45156,025,Clermont,1.0
45157,025,Clermont,0.5052927198098941
45158,025,Clermont,1.0
45159,027,Clinton,0.6613722998729352
45160,025,Clermont,1.0
45162,165,Warren,0.6060054595086443
45164,027,Clinton,1.0
45166,027,Clinton,0.0
45167,015,Brown,0.7453353504790721
45168,015,Brown,0.8646153846153846
45169,027,Clinton,0.7812785388127854
45171,015,Brown,0.47264296754250384
45172,071,Highland,1.0
45174,061,Hamilton,0.9987878787878788
45176,025,Clermont,0.4676878889420775
45177,027,Clinton,0.22901998097050427
45201,061,Hamilton,1.0
45202,061,Hamilton,0.21787886467308668
45203,061,Hamilton,0.44585091420534456
45204,061,Hamilton,0.2562482045389256
45205,061,Hamilton,0.24941700233199068
45206,061,Hamilton,0.21419815000557227
45207,061,Hamilton,0.3024020227560051
45208,061,Hamilton,0.36017072460956445
45209,061,Hamilton,0.34035880065236485
45211,061,Hamilton,0.18996787231837495
45212,061,Hamilton,0.23698586118251927
45213,061,Hamilton,0.39900990099009903
45214,061,Hamilton,0.32046714172604907
45215,061,Hamilton,0.20151280062063615
45216,061,Hamilton,0.33833157338965153
45217,061,Hamilton,0.6655757215114549
45218,061,Hamilton,0.8902123252200932
45219,061,Hamilton,0.17821267751991687
45220,061,Hamilton,0.2595986544484399
45222,061,Hamilton,1.0
45223,061,Hamilton,0.35262521820867465
45224,061,Hamilton,0.2175586854460094
45225,061,Hamilton,0.22376811594202897
45226,061,Hamilton,0.618171362852214
45227,061,Hamilton,0.30110831703455343
45229,061,Hamilton,0.25790849673202615
45230,061,Hamilton,0.21317715959004394
45231,061,Hamilton,0.14398288278885293
45232,061,Hamilton,0.5792110206637445
45233,061,Hamilton,0.3674126302881668
45234,061,Hamilton,0.0
45235,061,Hamilton,0.0
45236,061,Hamilton,0.2727890642700702
45237,061,Hamilton,0.24796747967479674
45238,061,Hamilton,0.12767784722553557
45239,061,Hamilton,0.20754862611917257
45240,061,Hamilton,0.22670833685277472
45241,017,Butler,0.20780514306410722
45242,061,Hamilton,0.3285104157587379
45243,061,Hamilton,0.5007626601586334
45244,025,Clermont,0.234636408812324
45245,025,Clermont,0.24283935242839352
45246,061,Hamilton,0.3891348570061027
45247,061,Hamilton,0.24796176553275232
45248,061,Hamilton,0.19135920474096732
45249,061,Hamilton,0.3515196441808747
45250,061,Hamilton,1.0
45251,061,Hamilton,0.20289374861939474
45252,061,Hamilton,0.9995192307692308
45253,061,Hamilton,1.0
45254,061,Hamilton,1.0
45255,061,Hamilton,0.2949905387909571
45258,061,Hamilton,1.0
45262,061,Hamilton,1.0
45267,061,Hamilton,0.0
45275,015,Brown,0.0
45301,057,Greene,0.927536231884058
45302,149,Shelby,0.6363112391930835
45303,037,Darke,0.9327641408751334
45304,037,Darke,0.6946708463949843
45305,057,Greene,0.3136986301369863
45306,149,Shelby,0.7797872340425532
45307,057,Greene,0.0
45308,037,Darke,0.5222520107238606
45309,113,Montgomery,0.5654741229593608
45310,107,Mercer,0.868421052631579
45311,135,Preble,0.6399091253313139
45312,109,Miami,0.9690189328743546
45314,057,Greene,0.9097320169252469
45315,113,Montgomery,0.5941439609597398
45316,023,Clark,0.6
45317,109,Miami,0.4678492239467849
45318,109,Miami,0.5467625899280576
45319,023,Clark,1.0
45320,135,Preble,0.3870788081314397
45321,135,Preble,0.9855769230769231
45322,113,Montgomery,0.3286020626978454
45323,023,Clark,0.5097597597597597
45324,057,Greene,0.15719049604001667
45325,113,Montgomery,0.9480752014324082
45326,109,Miami,0.9920159680638723
45327,113,Montgomery,0.690808469682387
45328,037,Darke,1.0
45330,135,Preble,1.0
45331,037,Darke,0.19560499186109603
45332,037,Darke,0.6982758620689655
45333,149,Shelby,0.9949152542372881
45334,149,Shelby,0.9850046860356139
45335,057,Greene,0.5374789915966387
45336,149,Shelby,1.0
45337,109,Miami,0.699594046008119
45338,135,Preble,0.7667115298340063
45339,109,Miami,0.6284246575342466
45340,149,Shelby,0.8652694610778443
45341,023,Clark,0.9134312696747114
45342,113,Montgomery,0.180246368005303
45343,113,Montgomery,1.0
45344,023,Clark,0.21059481973187558
45345,113,Montgomery,0.5642051655147327
45346,037,Darke,0.8737060041407867
45347,135,Preble,0.7842551071250623
45348,037,Darke,0.9972451790633609
45349,023,Clark,1.0
45350,037,Darke,1.0
45351,037,Darke,1.0
45352,037,Darke,1.0
45353,149,Shelby,1.0
45354,113,Montgomery,1.0
45356,109,Miami,0.23647788061475758
45358,037,Darke,1.0
45359,109,Miami,1.0
45360,149,Shelby,1.0
45361,109,Miami,1.0
45362,037,Darke,0.8083140877598153
45363,149,Shelby,0.9985185185185185
45365,149,Shelby,0.19736662573338792
45367,149,Shelby,0.0
45368,023,Clark,0.5415002219263204
45369,023,Clark,0.6199731903485255
45370,057,Greene,0.6682847896440129
45371,109,Miami,0.34879533567692705
45372,023,Clark,0.0
45373,109,Miami,0.16294642857142858
45374,109,Miami,0.0
45377,113,Montgomery,0.43762402434184416
45378,135,Preble,0.8432432432432433
45380,037,Darke,0.805222602739726
45381,135,Preble,0.6321070234113713
45382,135,Preble,0.8150406504065041
45383,109,Miami,0.656075316269491
45384,057,Greene,1.0
45385,057,Greene,0.1277771697493707
45387,057,Greene,0.7427772600186393
45388,037,Darke,0.9659574468085106
45389,021,Champaign,1.0
45390,037,Darke,0.9450694904037061
45401,113,Montgomery,1.0
45402,113,Montgomery,0.37350767481523595
45403,113,Montgomery,0.30565195835399106
45404,113,Montgomery,0.4078008298755187
45405,113,Montgomery,0.2240372407955988
45406,113,Montgomery,0.17316999395039323
45409,113,Montgomery,0.28295088185093875
45410,113,Montgomery,0.24744867331012127
45413,113,Montgomery,1.0
45414,113,Montgomery,0.2939472632840591
45415,113,Montgomery,0.2963480691944784
45416,113,Montgomery,0.40022718667171525
45417,113,Montgomery,0.10891817346000612
45419,113,Montgomery,0.3202401801351013
45420,113,Montgomery,0.16303048416019128
45422,113,Montgomery,0.0
45423,113,Montgomery,0.0
45424,113,Montgomery,0.12925699943744862
45426,113,Montgomery,0.30454933528479083
45428,113,Montgomery,0.0
45429,113,Montgomery,0.11774449085409765
45430,057,Greene,0.680327868852459
45431,057,Greene,0.18533760097546106
45432,057,Greene,0.19666716709202822
45433,057,Greene,1.0
45434,057,Greene,0.316247582205029
45435,057,Greene,0.0
45437,113,Montgomery,1.0
45439,113,Montgomery,0.44536752754199027
45440,057,Greene,0.24528301886792453
45441,113,Montgomery,1.0
45448,113,Montgomery,0.0
45449,113,Montgomery,0.2312557380393757
45458,113,Montgomery,0.23627726952850106
45459,113,Montgomery,0.231219994351878
45469,113,Montgomery,0.0
45470,113,Montgomery,0.0
45475,113,Montgomery,1.0
45481,057,Greene,0.0
45490,113,Montgomery,1.0
45501,023,Clark,1.0
45502,023,Clark,0.2041031036296686
45503,023,Clark,0.12521386477409543
45504,023,Clark,0.1855021394412283
45505,023,Clark,0.19564340459862847
45506,023,Clark,0.21063426948564215
45601,141,Ross,0.10870625304775122
45612,141,Ross,0.40747954811063497
45613,131,Pike,0.8402004454342984
45614,053,Gallia,0.420824295010846
45616,001,Adams,0.8086330935251799
45617,141,Ross,0.0
45618,001,Adams,0.0
45619,087,Lawrence,0.6916777335104028
45620,053,Gallia,0.8962075848303394
45621,079,Jackson,1.0
45622,163,Vinton,0.9611307420494699
45623,053,Gallia,0.7944835045970795
45624,131,Pike,0.0
45628,141,Ross,0.6686674669867947
45629,145,Scioto,0.8791277258566979
45630,145,Scioto,1.0
45631,053,Gallia,0.25654311146539127
45633,141,Ross,0.0
45634,163,Vinton,0.8046558704453441
45636,145,Scioto,0.0
45638,087,Lawrence,0.25138948268490807
45640,079,Jackson,0.36550333879299485
45642,131,Pike,0.0
45643,053,Gallia,0.0
45644,141,Ross,0.7536231884057971
45645,087,Lawrence,0.7936827956989247
45646,131,Pike,0.7475728155339806
45647,163,Vinton,0.47543713572023316
45648,145,Scioto,0.28991220211431645
45650,001,Adams,1.0
45651,163,Vinton,0.6580293215138084
45652,145,Scioto,0.9778325123152709
45653,145,Scioto,0.798708288482239
45654,163,Vinton,0.5017361111111112
45656,079,Jackson,0.5385702175755863
45657,145,Scioto,0.7857142857142857
45658,053,Gallia,0.8377049180327869
45659,087,Lawrence,0.57007299270073
45660,001,Adams,0.6116214974735875
45661,131,Pike,0.4712771890686001
45662,145,Scioto,0.1542585271058098
45663,145,Scioto,0.46944858420268254
45669,087,Lawrence,0.4052346570397112
45671,145,Scioto,0.7265625
45672,079,Jackson,0.503125
45673,141,Ross,1.0
45674,053,Gallia,1.0
45675,087,Lawrence,0.0
45677,145,Scioto,0.0
45678,087,Lawrence,0.7782608695652173
45679,001,Adams,0.8539755351681957
45680,087,Lawrence,0.3314170292106899
45681,141,Ross,1.0
45682,145,Scioto,0.9246778989098117
45684,145,Scioto,0.5903614457831325
45685,053,Gallia,0.5364667747163695
45686,053,Gallia,0.7452196382428941
45687,131,Pike,0.0
45688,087,Lawrence,0.9437751004016064
45690,131,Pike,0.27642053252813614
45692,079,Jackson,0.5382379248658319
45693,001,Adams,0.5383267630310994
45694,145,Scioto,0.3365220362145542
45695,163,Vinton,1.0
45696,087,Lawrence,0.8801546391752577
45697,001,Adams,0.25977891156462585
45698,163,Vinton,0.0
45699,145,Scioto,0.0
45701,009,Athens,0.20508744038155802
45710,009,Athens,0.4924812030075188
45711,009,Athens,0.8547169811320755
45712,167,Washington,0.0
45713,167,Washington,0.0
45714,167,Washington,0.4069823824147406
45715,167,Washington,0.672876304023845
45716,009,Athens,1.0
45719,009,Athens,1.0
45720,105,Meigs,0.0
45721,167,Washington,0.0
45723,009,Athens,0.833498023715415
45724,167,Washington,0.931924882629108
45727,121,Noble,0.9523809523809523
45729,167,Washington,0.7388535031847133
45732,009,Athens,0.6926246394725999
45734,111,Monroe,0.9967948717948718
45735,009,Athens,0.5455497382198953
45739,009,Athens,1.0
45740,009,Athens,1.0
45741,105,Meigs,0.9696969696969697
45742,167,Washington,0.8454993282579489
45743,105,Meigs,0.9788359788359788
45744,167,Washington,0.7527812113720643
45745,167,Washington,0.3498233215547703
45746,167,Washington,0.7138643067846607
45750,167,Washington,0.16332397379328786
45760,105,Meigs,0.7197250132205183
45761,009,Athens,0.447242206235012
45764,009,Athens,0.4752407152682256
45766,009,Athens,0.9270557029177718
45767,167,Washington,0.7909090909090909
45768,167,Washington,0.7905711695376246
45769,105,Meigs,0.4984081041968162
45770,105,Meigs,0.959349593495935
45771,105,Meigs,0.7765395894428152
45772,105,Meigs,1.0
45773,167,Washington,0.7538461538461538
45775,105,Meigs,0.7537128712871287
45776,105,Meigs,0.5913978494623656
45778,009,Athens,0.8819742489270386
45779,105,Meigs,1.0
45780,009,Athens,0.9892957746478873
45782,009,Athens,1.0
45783,105,Meigs,0.0
45784,167,Washington,0.7733624454148471
45786,167,Washington,0.9433170048985304
45787,167,Washington,0.0
45788,167,Washington,0.3844621513944223
45789,167,Washington,0.5294117647058824
45801,003,Allen,0.1689484126984127
45802,003,Allen,1.0
45804,003,Allen,0.17968039495907495
45805,003,Allen,0.2011066763425254
45806,003,Allen,0.2707398008979114
45807,003,Allen,0.3648598820058997
45808,003,Allen,1.0
45809,003,Allen,1.0
45810,065,Hardin,0.49359294391745717
45812,065,Hardin,0.9670691547749726
45813,125,Paulding,0.9371951219512196
45814,063,Hancock,0.984037558685446
45815,137,Putnam,1.0
45816,063,Hancock,0.9545454545454546
45817,003,Allen,0.6146682188591386
45819,011,Auglaize,1.0
45820,003,Allen,1.0
45821,125,Paulding,0.5744336569579288
45822,107,Mercer,0.26546570325645846
45826,107,Mercer,1.0
45827,137,Putnam,0.432258064516129
45828,107,Mercer,0.928123848138592
45830,137,Putnam,0.5556935817805383
45831,137,Putnam,0.980544747081712
45832,161,Van Wert,0.8258746948738812
45833,161,Van Wert,0.2981871223171494
45835,065,Hardin,1.0
45836,065,Hardin,0.9790419161676647
45837,137,Putnam,0.0
45838,161,Van Wert,0.0
45839,063,Hancock,1.0
45840,063,Hancock,0.14591740524231567
45841,063,Hancock,0.9709443099273608
45843,065,Hardin,0.6320422535211268
45844,137,Putnam,0.8269525267993875
45845,149,Shelby,0.968944099378882
45846,107,Mercer,0.9088825214899714
45848,137,Putnam,0.0
45849,125,Paulding,0.8347457627118644
45850,003,Allen,0.6041666666666666
45851,125,Paulding,0.730593607305936
45853,137,Putnam,1.0
45854,003,Allen,0.974025974025974
45855,125,Paulding,1.0
45856,137,Putnam,0.8306092124814265
45858,063,Hancock,0.8737113402061856
45859,065,Hardin,1.0
45860,107,Mercer,0.9976825028968713
45861,125,Paulding,1.0
45862,107,Mercer,0.7449908925318761
45863,161,Van Wert,1.0
45864,137,Putnam,1.0
45865,011,Auglaize,0.6888497135301895
45866,107,Mercer,1.0
45867,063,Hancock,0.9786729857819905
45868,063,Hancock,0.7644628099173554
45869,011,Auglaize,0.955420466058764
45870,011,Auglaize,1.0
45871,011,Auglaize,0.8657142857142858
45872,173,Wood,0.8609769189479335
45873,125,Paulding,0.5942164179104478
45874,161,Van Wert,0.6042780748663101
45875,137,Putnam,0.39730200174064406
45876,137,Putnam,1.0
45877,137,Putnam,0.953970080552359
45879,125,Paulding,0.673598872047938
45880,125,Paulding,1.0
45881,063,Hancock,0.867816091954023
45882,107,Mercer,0.759392486011191
45883,107,Mercer,0.8929788684389911
45884,011,Auglaize,1.0
45885,011,Auglaize,0.4160465868650922
45886,161,Van Wert,0.45714285714285713
45887,003,Allen,0.804718875502008
45888,011,Auglaize,1.0
45889,063,Hancock,0.9558573853989814
45890,063,Hancock,0.91
45891,161,Van Wert,0.27714595180070406
45893,137,Putnam,1.0
45894,161,Van Wert,0.9901315789473685
45895,011,Auglaize,0.37138243696435225
45896,011,Auglaize,0.8295589988081049
45897,063,Hancock,1.0
45898,161,Van Wert,0.7944572748267898
45899,161,Van Wert,1.0
45999,117,Morrow,0.0
